[
  {
    "id": "6f2d7596-59a3-4d63-92ab-f2aff36cdd90",
    "data": [
      {
        "text": "Bluetooth on",
        "userDefined": false
      }
    ],
    "isTemplate": false,
    "count": 0,
    "lang": "en",
    "updated": 0
  },
  {
    "id": "eac29aca-11e7-468b-9bec-194180dcf847",
    "data": [
      {
        "text": "bluetooth on",
        "meta": "@sys.any",
        "alias": "any",
        "userDefined": true
      }
    ],
    "isTemplate": false,
    "count": 0,
    "lang": "en",
    "updated": 0
  },
  {
    "id": "44e76776-c282-4c25-81f2-64a9854819e7",
    "data": [
      {
        "text": "bluetooth activate",
        "meta": "@sys.any",
        "alias": "any",
        "userDefined": true
      }
    ],
    "isTemplate": false,
    "count": 0,
    "lang": "en",
    "updated": 0
  }
]