[
  {
    "id": "89d92911-caab-4c25-824f-894fcdda028c",
    "data": [
      {
        "text": "Bluetooth off",
        "userDefined": false
      }
    ],
    "isTemplate": false,
    "count": 0,
    "lang": "en",
    "updated": 0
  },
  {
    "id": "898b8286-474a-49a9-8ca9-ff0a0a6b0268",
    "data": [
      {
        "text": "please ",
        "userDefined": false
      },
      {
        "text": "deactivate",
        "meta": "@sys.any",
        "alias": "any",
        "userDefined": true
      },
      {
        "text": " my ",
        "userDefined": false
      },
      {
        "text": "bluetooth",
        "meta": "@sys.any",
        "alias": "any",
        "userDefined": true
      }
    ],
    "isTemplate": false,
    "count": 0,
    "lang": "en",
    "updated": 0
  },
  {
    "id": "4e8302c8-a9a6-4667-987c-6a957cb81431",
    "data": [
      {
        "text": "bluetooth deactivate",
        "meta": "@sys.any",
        "alias": "any",
        "userDefined": true
      }
    ],
    "isTemplate": false,
    "count": 0,
    "lang": "en",
    "updated": 0
  },
  {
    "id": "968c30f7-6c33-40e8-9088-06dd0b8785ef",
    "data": [
      {
        "text": "bluetooth off",
        "meta": "@sys.any",
        "alias": "any",
        "userDefined": true
      }
    ],
    "isTemplate": false,
    "count": 0,
    "lang": "en",
    "updated": 0
  }
]