[
  {
    "id": "a312edc6-b80a-4a10-b2d6-6d7bdde4ff2f",
    "data": [
      {
        "text": "show me calculator",
        "userDefined": false
      }
    ],
    "isTemplate": false,
    "count": 0,
    "lang": "en",
    "updated": 0
  },
  {
    "id": "8816364c-8537-4885-bc93-d61d1cb0e952",
    "data": [
      {
        "text": "show me my ",
        "userDefined": false
      },
      {
        "text": "calculator",
        "meta": "@sys.any",
        "alias": "any",
        "userDefined": true
      },
      {
        "text": " application",
        "userDefined": false
      }
    ],
    "isTemplate": false,
    "count": 0,
    "lang": "en",
    "updated": 0
  }
]