[
  {
    "id": "b2b0098a-36b3-4ad1-a38d-4389b78e4555",
    "data": [
      {
        "text": "call to ",
        "userDefined": false
      },
      {
        "text": "Kiki",
        "meta": "@sys.given-name",
        "alias": "given-name",
        "userDefined": false
      }
    ],
    "isTemplate": false,
    "count": 0,
    "lang": "en",
    "updated": 0
  },
  {
    "id": "9a67bf42-2214-4fbd-8010-152a15abd75e",
    "data": [
      {
        "text": "call dost",
        "userDefined": false
      }
    ],
    "isTemplate": false,
    "count": 0,
    "lang": "en",
    "updated": 0
  },
  {
    "id": "49d25f9c-2b59-4dee-aeed-d32cb477ef78",
    "data": [
      {
        "text": "call ",
        "userDefined": false
      },
      {
        "text": "kk",
        "meta": "@sys.any",
        "alias": "any",
        "userDefined": true
      }
    ],
    "isTemplate": false,
    "count": 0,
    "lang": "en",
    "updated": 0
  },
  {
    "id": "ba3567ea-708c-4611-aeb3-6b1f28bd4c98",
    "data": [
      {
        "text": "call ",
        "userDefined": false
      },
      {
        "text": "khayum",
        "meta": "@sys.any",
        "alias": "any",
        "userDefined": true
      }
    ],
    "isTemplate": false,
    "count": 1,
    "lang": "en",
    "updated": 0
  }
]