[
  {
    "id": "feaee792-a455-409a-88c4-115b39770ea4",
    "data": [
      {
        "text": "call Dad",
        "userDefined": false
      }
    ],
    "isTemplate": false,
    "count": 0,
    "lang": "en",
    "updated": 0
  },
  {
    "id": "f4f06d3b-6f9b-4c8c-a8de-90ea362b56e7",
    "data": [
      {
        "text": "abba",
        "meta": "@sys.any",
        "alias": "any",
        "userDefined": true
      }
    ],
    "isTemplate": false,
    "count": 0,
    "lang": "en",
    "updated": 0
  },
  {
    "id": "4c122fd3-dff3-456b-8a18-23736d6131c3",
    "data": [
      {
        "text": "call ",
        "userDefined": false
      },
      {
        "text": "abba",
        "meta": "@sys.any",
        "alias": "any",
        "userDefined": true
      }
    ],
    "isTemplate": false,
    "count": 0,
    "lang": "en",
    "updated": 0
  },
  {
    "id": "90ccce0a-57f2-47e2-bb00-d7c4fd4a1fbd",
    "data": [
      {
        "text": "calling to ",
        "userDefined": false
      },
      {
        "text": "dad",
        "meta": "@sys.any",
        "alias": "any",
        "userDefined": true
      }
    ],
    "isTemplate": false,
    "count": 0,
    "lang": "en",
    "updated": 0
  },
  {
    "id": "eb71e217-8d33-4cf0-908d-340554b634a5",
    "data": [
      {
        "text": "dad",
        "meta": "@sys.any",
        "alias": "any",
        "userDefined": true
      }
    ],
    "isTemplate": false,
    "count": 0,
    "lang": "en",
    "updated": 0
  },
  {
    "id": "96a7669b-1fd1-4a3a-9f52-0b07eafcb465",
    "data": [
      {
        "text": "call ",
        "userDefined": false
      },
      {
        "text": "dad",
        "meta": "@sys.any",
        "alias": "any",
        "userDefined": true
      }
    ],
    "isTemplate": false,
    "count": 0,
    "lang": "en",
    "updated": 0
  }
]