[
  {
    "id": "504ef524-6cb4-43c8-951b-aab4643ecb0b",
    "data": [
      {
        "text": "irfan call",
        "userDefined": false
      }
    ],
    "isTemplate": false,
    "count": 0,
    "lang": "en",
    "updated": 0
  },
  {
    "id": "e63d286c-b8e7-45b4-94b0-0fd7699ec949",
    "data": [
      {
        "text": "irfan calling",
        "userDefined": false
      }
    ],
    "isTemplate": false,
    "count": 0,
    "lang": "en",
    "updated": 0
  },
  {
    "id": "032c0b05-0ee2-4325-a89a-046af70b555d",
    "data": [
      {
        "text": "irfan",
        "userDefined": false
      }
    ],
    "isTemplate": false,
    "count": 0,
    "lang": "en",
    "updated": 0
  },
  {
    "id": "0a7251dc-0763-4814-b1fe-96ef55b8c4dc",
    "data": [
      {
        "text": "calling to irfan",
        "userDefined": false
      }
    ],
    "isTemplate": false,
    "count": 0,
    "lang": "en",
    "updated": 0
  },
  {
    "id": "aa99f210-8c80-461d-86a7-c224c41d3d87",
    "data": [
      {
        "text": "call irfan",
        "userDefined": false
      }
    ],
    "isTemplate": false,
    "count": 0,
    "lang": "en",
    "updated": 0
  }
]