[
  {
    "id": "612512b3-01d6-4d65-aad4-0678a7e1caba",
    "data": [
      {
        "text": "call Raj",
        "userDefined": false
      }
    ],
    "isTemplate": false,
    "count": 0,
    "lang": "en",
    "updated": 0
  },
  {
    "id": "737fcc26-a61f-4cf6-9a3a-ecf73e37fa3a",
    "data": [
      {
        "text": "call ",
        "userDefined": false
      },
      {
        "text": "raja",
        "meta": "@sys.any",
        "alias": "any",
        "userDefined": true
      }
    ],
    "isTemplate": false,
    "count": 0,
    "lang": "en",
    "updated": 0
  },
  {
    "id": "c0cc0770-c62d-419f-8c57-2c4fb521a3c3",
    "data": [
      {
        "text": "call to ",
        "userDefined": false
      },
      {
        "text": "takla",
        "meta": "@sys.any",
        "alias": "any",
        "userDefined": true
      }
    ],
    "isTemplate": false,
    "count": 0,
    "lang": "en",
    "updated": 0
  },
  {
    "id": "71611470-40a9-42bb-8b76-a43f61690611",
    "data": [
      {
        "text": "call to ",
        "userDefined": false
      },
      {
        "text": "raj",
        "meta": "@sys.any",
        "alias": "any",
        "userDefined": true
      }
    ],
    "isTemplate": false,
    "count": 0,
    "lang": "en",
    "updated": 0
  },
  {
    "id": "92a33bb9-72e7-4e6e-beb6-110653d54962",
    "data": [
      {
        "text": "call ",
        "userDefined": false
      },
      {
        "text": "raj",
        "meta": "@sys.any",
        "alias": "any",
        "userDefined": true
      }
    ],
    "isTemplate": false,
    "count": 0,
    "lang": "en",
    "updated": 0
  }
]