[
  {
    "id": "45035753-cc0b-40af-bb81-e14182d06335",
    "data": [
      {
        "text": "camera",
        "meta": "@sys.any",
        "alias": "any",
        "userDefined": true
      }
    ],
    "isTemplate": false,
    "count": 1,
    "lang": "en",
    "updated": 0
  },
  {
    "id": "cad7a03a-93c3-4cdf-bb76-bdd865823d1c",
    "data": [
      {
        "text": "opening ",
        "userDefined": false
      },
      {
        "text": "camera",
        "meta": "@sys.any",
        "alias": "any",
        "userDefined": true
      },
      {
        "text": " application",
        "userDefined": false
      }
    ],
    "isTemplate": false,
    "count": 0,
    "lang": "en",
    "updated": 0
  },
  {
    "id": "31b57a17-d623-470d-bcd9-373830bc9ab2",
    "data": [
      {
        "text": "show me ",
        "userDefined": false
      },
      {
        "text": "camera",
        "meta": "@sys.any",
        "alias": "any",
        "userDefined": true
      }
    ],
    "isTemplate": false,
    "count": 0,
    "lang": "en",
    "updated": 0
  }
]