[
  {
    "id": "37719079-2eb0-4705-b92f-b4bc1d8c511f",
    "data": [
      {
        "text": "Google Chrome",
        "meta": "@sys.any",
        "alias": "any",
        "userDefined": false
      }
    ],
    "isTemplate": false,
    "count": 1,
    "lang": "en",
    "updated": 0
  },
  {
    "id": "20017864-6217-4619-aae9-375a96e45ff9",
    "data": [
      {
        "text": "show me ",
        "userDefined": false
      },
      {
        "text": "Chrome",
        "meta": "@sys.any",
        "alias": "any",
        "userDefined": true
      }
    ],
    "isTemplate": false,
    "count": 0,
    "lang": "en",
    "updated": 0
  },
  {
    "id": "3e3f3d54-5ecd-4f61-a9f2-a9d2198d80b3",
    "data": [
      {
        "text": "show me ",
        "userDefined": false
      },
      {
        "text": "Google Chrome",
        "meta": "@sys.any",
        "alias": "any",
        "userDefined": true
      },
      {
        "text": " page",
        "userDefined": false
      }
    ],
    "isTemplate": false,
    "count": 0,
    "lang": "en",
    "updated": 0
  },
  {
    "id": "60475fb3-17ed-45f4-8ea1-e02a9bbe3510",
    "data": [
      {
        "text": "show me ",
        "userDefined": false
      },
      {
        "text": "chrome",
        "meta": "@sys.any",
        "alias": "any",
        "userDefined": true
      }
    ],
    "isTemplate": false,
    "count": 0,
    "lang": "en",
    "updated": 0
  },
  {
    "id": "c9bc8478-9cf5-4b5a-a06e-2e25c9e04a01",
    "data": [
      {
        "text": "show me ",
        "userDefined": false
      },
      {
        "text": "google page",
        "meta": "@sys.any",
        "alias": "any",
        "userDefined": true
      }
    ],
    "isTemplate": false,
    "count": 0,
    "lang": "en",
    "updated": 0
  },
  {
    "id": "449ee1f9-7ab4-4734-bc01-150a98bb31f8",
    "data": [
      {
        "text": "chrome",
        "meta": "@sys.any",
        "alias": "any",
        "userDefined": true
      }
    ],
    "isTemplate": false,
    "count": 0,
    "lang": "en",
    "updated": 0
  },
  {
    "id": "3d03a042-f982-484c-ba0b-05c078c5eb63",
    "data": [
      {
        "text": "opening ",
        "userDefined": false
      },
      {
        "text": "google chrome",
        "meta": "@sys.any",
        "alias": "any",
        "userDefined": true
      }
    ],
    "isTemplate": false,
    "count": 0,
    "lang": "en",
    "updated": 0
  }
]