[
  {
    "id": "b538194e-fab8-4897-b176-4ca0ba38ef0c",
    "data": [
      {
        "text": "bot show me ",
        "userDefined": false
      },
      {
        "text": "contacts",
        "meta": "@sys.any",
        "alias": "any",
        "userDefined": true
      }
    ],
    "isTemplate": false,
    "count": 0,
    "lang": "en",
    "updated": 0
  },
  {
    "id": "cb279dad-179f-42ff-99cf-f98b62e23a2a",
    "data": [
      {
        "text": "show me ",
        "userDefined": false
      },
      {
        "text": "contacts",
        "meta": "@sys.any",
        "alias": "any",
        "userDefined": true
      }
    ],
    "isTemplate": false,
    "count": 0,
    "lang": "en",
    "updated": 0
  },
  {
    "id": "63e6f7a6-13bf-495e-96aa-69896c38fc17",
    "data": [
      {
        "text": "contacts",
        "meta": "@sys.any",
        "alias": "any",
        "userDefined": true
      }
    ],
    "isTemplate": false,
    "count": 1,
    "lang": "en",
    "updated": 0
  }
]