[
  {
    "id": "72ced5ae-1388-4412-af3c-7277e2207366",
    "data": [
      {
        "text": "tell me current date",
        "userDefined": false
      }
    ],
    "isTemplate": false,
    "count": 1,
    "lang": "en",
    "updated": 0
  },
  {
    "id": "9411f949-ac60-451e-9ce2-f36c1795b26c",
    "data": [
      {
        "text": "what is the date",
        "userDefined": false
      }
    ],
    "isTemplate": false,
    "count": 1,
    "lang": "en",
    "updated": 0
  },
  {
    "id": "5cd949a2-6450-4b05-94a1-d80072114c17",
    "data": [
      {
        "text": "what is the ",
        "userDefined": false
      },
      {
        "text": "date",
        "meta": "@sys.any",
        "alias": "date",
        "userDefined": true
      }
    ],
    "isTemplate": false,
    "count": 0,
    "lang": "en",
    "updated": 0
  },
  {
    "id": "785954fb-0b47-4961-a4c0-a7d05d2578b2",
    "data": [
      {
        "text": "what\u0027s the ",
        "userDefined": false
      },
      {
        "text": "date",
        "meta": "@sys.any",
        "alias": "date",
        "userDefined": true
      }
    ],
    "isTemplate": false,
    "count": 0,
    "lang": "en",
    "updated": 0
  },
  {
    "id": "f4fe95ae-4ed6-444e-893c-b14e8ccaea02",
    "data": [
      {
        "text": "today\u0027s ",
        "userDefined": false
      },
      {
        "text": "date",
        "meta": "@sys.any",
        "alias": "date",
        "userDefined": true
      }
    ],
    "isTemplate": false,
    "count": 0,
    "lang": "en",
    "updated": 0
  },
  {
    "id": "3d4541ed-a356-41de-8faf-bd61e9319f1e",
    "data": [
      {
        "text": "tell me current ",
        "userDefined": false
      },
      {
        "text": "date",
        "meta": "@sys.any",
        "alias": "date",
        "userDefined": true
      }
    ],
    "isTemplate": false,
    "count": 0,
    "lang": "en",
    "updated": 0
  },
  {
    "id": "1b84cedb-378d-40df-a52b-b595a8d7a7a1",
    "data": [
      {
        "text": "darvis",
        "meta": "@sys.ignore",
        "userDefined": true
      },
      {
        "text": " tell me ",
        "userDefined": false
      },
      {
        "text": "date",
        "meta": "@sys.any",
        "alias": "date",
        "userDefined": true
      }
    ],
    "isTemplate": false,
    "count": 0,
    "lang": "en",
    "updated": 0
  }
]