[
  {
    "id": "733d3c5e-9e00-4779-b6ce-01f2e23dc257",
    "data": [
      {
        "text": "show me emails",
        "userDefined": false
      }
    ],
    "isTemplate": false,
    "count": 0,
    "lang": "en",
    "updated": 0
  },
  {
    "id": "d249ea25-228f-4ec2-93f7-db0010351312",
    "data": [
      {
        "text": "darvis show me ",
        "userDefined": false
      },
      {
        "text": "mails",
        "meta": "@sys.any",
        "alias": "any",
        "userDefined": true
      }
    ],
    "isTemplate": false,
    "count": 0,
    "lang": "en",
    "updated": 0
  },
  {
    "id": "61329a47-1e69-4d6c-a400-bcb437d65c82",
    "data": [
      {
        "text": "mails",
        "meta": "@sys.any",
        "alias": "any",
        "userDefined": true
      }
    ],
    "isTemplate": false,
    "count": 0,
    "lang": "en",
    "updated": 0
  },
  {
    "id": "6dcff27a-94a0-4c4c-b6da-b339adc741ce",
    "data": [
      {
        "text": "show me ",
        "userDefined": false
      },
      {
        "text": "emails",
        "meta": "@sys.any",
        "alias": "any",
        "userDefined": true
      }
    ],
    "isTemplate": false,
    "count": 0,
    "lang": "en",
    "updated": 0
  }
]