[
  {
    "id": "b6a07025-cf30-4f00-8bda-e1d127bca740",
    "data": [
      {
        "text": "show me ",
        "userDefined": false
      },
      {
        "text": "my files",
        "meta": "@sys.any",
        "alias": "any",
        "userDefined": true
      }
    ],
    "isTemplate": false,
    "count": 1,
    "lang": "en",
    "updated": 0
  },
  {
    "id": "f422221e-3381-443f-914e-f033212adaf7",
    "data": [
      {
        "text": "files",
        "meta": "@sys.any",
        "alias": "any",
        "userDefined": true
      }
    ],
    "isTemplate": false,
    "count": 0,
    "lang": "en",
    "updated": 0
  }
]