[
  {
    "id": "441ec041-9a53-44c2-b583-4b8aec79ee99",
    "data": [
      {
        "text": "flashlight off",
        "userDefined": false
      }
    ],
    "isTemplate": false,
    "count": 0,
    "lang": "en",
    "updated": 0
  },
  {
    "id": "79a38602-b2d4-4354-9c0c-4ff518f4e6e9",
    "data": [
      {
        "text": "flashlight deactivate",
        "userDefined": false
      }
    ],
    "isTemplate": false,
    "count": 1,
    "lang": "en",
    "updated": 0
  },
  {
    "id": "052deda3-b23f-4ce9-aaba-09b7c777d304",
    "data": [
      {
        "text": "mobile ",
        "userDefined": false
      },
      {
        "text": "torch off",
        "meta": "@sys.any",
        "alias": "any",
        "userDefined": true
      }
    ],
    "isTemplate": false,
    "count": 0,
    "lang": "en",
    "updated": 0
  },
  {
    "id": "a4ec7236-8842-431f-a1e4-6768f677abfc",
    "data": [
      {
        "text": "torch off",
        "meta": "@sys.any",
        "alias": "any",
        "userDefined": true
      }
    ],
    "isTemplate": false,
    "count": 0,
    "lang": "en",
    "updated": 0
  },
  {
    "id": "1581f600-3bec-4d97-adcb-897bb6884d3b",
    "data": [
      {
        "text": "flash light deactivate",
        "meta": "@sys.any",
        "alias": "any",
        "userDefined": true
      }
    ],
    "isTemplate": false,
    "count": 0,
    "lang": "en",
    "updated": 0
  },
  {
    "id": "4d5b56d7-afdd-4ad9-8f5e-1411197174a4",
    "data": [
      {
        "text": "flash off",
        "meta": "@sys.any",
        "alias": "any",
        "userDefined": true
      }
    ],
    "isTemplate": false,
    "count": 0,
    "lang": "en",
    "updated": 0
  },
  {
    "id": "8a81a8be-68ec-423d-be6d-5e61b0abb4bb",
    "data": [
      {
        "text": "flash deactivate",
        "meta": "@sys.any",
        "alias": "any",
        "userDefined": true
      }
    ],
    "isTemplate": false,
    "count": 0,
    "lang": "en",
    "updated": 0
  }
]