[
  {
    "id": "149d153d-64ca-4fc0-b633-7bfc2b42c66e",
    "data": [
      {
        "text": "touch activate",
        "userDefined": false
      }
    ],
    "isTemplate": false,
    "count": 0,
    "lang": "en",
    "updated": 0
  },
  {
    "id": "10da0c6b-7da6-4d83-abda-6cb567a4eb61",
    "data": [
      {
        "text": "flashlight on",
        "userDefined": false
      }
    ],
    "isTemplate": false,
    "count": 0,
    "lang": "en",
    "updated": 0
  },
  {
    "id": "1f11653b-ebe0-423d-bc25-91e8cfd09fa1",
    "data": [
      {
        "text": "mobile ",
        "userDefined": false
      },
      {
        "text": "torch on",
        "meta": "@sys.any",
        "alias": "any",
        "userDefined": true
      }
    ],
    "isTemplate": false,
    "count": 0,
    "lang": "en",
    "updated": 0
  },
  {
    "id": "bb0d2441-ccd6-441d-ab03-1ae68e3770cb",
    "data": [
      {
        "text": "torch on",
        "meta": "@sys.any",
        "alias": "any",
        "userDefined": true
      }
    ],
    "isTemplate": false,
    "count": 0,
    "lang": "en",
    "updated": 0
  },
  {
    "id": "1d04c842-d382-4b1b-b5fe-e9d873f7fccb",
    "data": [
      {
        "text": "flashlight activate",
        "userDefined": false
      }
    ],
    "isTemplate": false,
    "count": 2,
    "lang": "en",
    "updated": 0
  },
  {
    "id": "b51b9a44-2c1b-4c47-b6f1-b1a41350805a",
    "data": [
      {
        "text": "flash light activate",
        "meta": "@sys.any",
        "alias": "any",
        "userDefined": true
      }
    ],
    "isTemplate": false,
    "count": 0,
    "lang": "en",
    "updated": 0
  },
  {
    "id": "1aaec8a6-c4d8-4d1c-abc2-7d064a211a28",
    "data": [
      {
        "text": "flash activate",
        "meta": "@sys.any",
        "alias": "any",
        "userDefined": true
      }
    ],
    "isTemplate": false,
    "count": 0,
    "lang": "en",
    "updated": 0
  },
  {
    "id": "bce9dacd-7f51-4b59-a92d-99f15dd6eba5",
    "data": [
      {
        "text": "flash on",
        "meta": "@sys.any",
        "alias": "any",
        "userDefined": true
      }
    ],
    "isTemplate": false,
    "count": 0,
    "lang": "en",
    "updated": 0
  }
]