[
  {
    "id": "95b80f8b-286a-4276-889b-76a0f243c93d",
    "data": [
      {
        "text": "my ",
        "userDefined": false
      },
      {
        "text": "flight",
        "meta": "@sys.any",
        "alias": "any",
        "userDefined": true
      },
      {
        "text": " mode ",
        "userDefined": false
      },
      {
        "text": "deactivate",
        "meta": "@sys.any",
        "alias": "any",
        "userDefined": true
      }
    ],
    "isTemplate": false,
    "count": 0,
    "lang": "en",
    "updated": 0
  },
  {
    "id": "f5ecb728-c014-4ff0-8d61-0cabb6a164a8",
    "data": [
      {
        "text": "flight off",
        "meta": "@sys.any",
        "alias": "any",
        "userDefined": true
      }
    ],
    "isTemplate": false,
    "count": 0,
    "lang": "en",
    "updated": 0
  },
  {
    "id": "bd435dea-6f04-48f4-9f0b-361e4c94665d",
    "data": [
      {
        "text": "flight mode off",
        "meta": "@sys.any",
        "alias": "any",
        "userDefined": true
      }
    ],
    "isTemplate": false,
    "count": 0,
    "lang": "en",
    "updated": 0
  },
  {
    "id": "d186a26a-c4b7-4df0-b17e-bcebbc3538f9",
    "data": [
      {
        "text": "flight mode deactivate",
        "meta": "@sys.any",
        "alias": "any",
        "userDefined": true
      }
    ],
    "isTemplate": false,
    "count": 0,
    "lang": "en",
    "updated": 0
  }
]