[
  {
    "id": "cad937dc-8361-468c-bcb5-6355304592ea",
    "data": [
      {
        "text": "please ",
        "userDefined": false
      },
      {
        "text": "activate",
        "meta": "@sys.any",
        "alias": "any",
        "userDefined": true
      },
      {
        "text": " my ",
        "userDefined": false
      },
      {
        "text": "flight mode",
        "meta": "@sys.any",
        "alias": "any",
        "userDefined": true
      }
    ],
    "isTemplate": false,
    "count": 0,
    "lang": "en",
    "updated": 0
  },
  {
    "id": "489525a3-65be-41b2-a8d4-2525f48ddbcb",
    "data": [
      {
        "text": "flight activate",
        "meta": "@sys.any",
        "alias": "any",
        "userDefined": true
      }
    ],
    "isTemplate": false,
    "count": 0,
    "lang": "en",
    "updated": 0
  },
  {
    "id": "bc78e85b-17ab-4fbd-a257-91eed28756a2",
    "data": [
      {
        "text": "flight on",
        "meta": "@sys.any",
        "alias": "any",
        "userDefined": true
      }
    ],
    "isTemplate": false,
    "count": 0,
    "lang": "en",
    "updated": 0
  },
  {
    "id": "4b4ccbd0-d886-4509-9b43-65815da20b35",
    "data": [
      {
        "text": "flightmode on",
        "meta": "@sys.any",
        "alias": "any",
        "userDefined": true
      }
    ],
    "isTemplate": false,
    "count": 0,
    "lang": "en",
    "updated": 0
  },
  {
    "id": "52973686-5ac1-4cdf-aa2c-2f3f78936cfa",
    "data": [
      {
        "text": "flightmode activate",
        "meta": "@sys.any",
        "alias": "any",
        "userDefined": true
      }
    ],
    "isTemplate": false,
    "count": 0,
    "lang": "en",
    "updated": 0
  }
]