[
  {
    "id": "3b182626-b7e6-4835-87e7-ea1871f67910",
    "data": [
      {
        "text": "show me ",
        "userDefined": false
      },
      {
        "text": "gallery",
        "meta": "@sys.any",
        "alias": "any",
        "userDefined": true
      }
    ],
    "isTemplate": false,
    "count": 1,
    "lang": "en",
    "updated": 0
  },
  {
    "id": "8eea842f-4a7b-415f-8acc-68d3c5f42db7",
    "data": [
      {
        "text": "gallery",
        "meta": "@sys.any",
        "alias": "any",
        "userDefined": true
      }
    ],
    "isTemplate": false,
    "count": 0,
    "lang": "en",
    "updated": 0
  }
]