[
  {
    "data": [
      {
        "text": "my mobile no is ",
        "userDefined": false
      },
      {
        "text": "8208441436",
        "meta": "@sys.any",
        "alias": "mobile",
        "userDefined": true
      }
    ],
    "isTemplate": false,
    "count": 0,
    "lang": "en",
    "updated": 0
  },
  {
    "data": [
      {
        "text": "7710881086",
        "meta": "@sys.any",
        "alias": "mobile",
        "userDefined": true
      }
    ],
    "isTemplate": false,
    "count": 0,
    "lang": "en",
    "updated": 0
  }
]