[
  {
    "data": [
      {
        "text": "I want pizza",
        "userDefined": false
      }
    ],
    "isTemplate": false,
    "count": 0,
    "lang": "en",
    "updated": 0
  },
  {
    "data": [
      {
        "text": "large breadsticks",
        "meta": "@pizza_breadsticks",
        "alias": "pizzabreadsticks",
        "userDefined": true
      }
    ],
    "isTemplate": false,
    "count": 0,
    "lang": "en",
    "updated": 0
  },
  {
    "data": [
      {
        "text": "mushrooms",
        "meta": "@pizza_toppings",
        "alias": "pizza_toppings",
        "userDefined": true
      }
    ],
    "isTemplate": false,
    "count": 0,
    "lang": "en",
    "updated": 0
  },
  {
    "data": [
      {
        "text": "I want ",
        "userDefined": false
      },
      {
        "text": "small pizza",
        "meta": "@pizza_sizes",
        "alias": "pizza_size",
        "userDefined": true
      }
    ],
    "isTemplate": false,
    "count": 0,
    "lang": "en",
    "updated": 0
  }
]