[
  {
    "id": "db88018b-205f-4ace-b149-33f6725cf728",
    "data": [
      {
        "text": "show me my ",
        "userDefined": false
      },
      {
        "text": "drive",
        "meta": "@sys.any",
        "alias": "any",
        "userDefined": true
      }
    ],
    "isTemplate": false,
    "count": 0,
    "lang": "en",
    "updated": 0
  },
  {
    "id": "8d857956-b7f6-4196-8a87-ac0b5b45645a",
    "data": [
      {
        "text": "google drive",
        "meta": "@sys.any",
        "alias": "any",
        "userDefined": true
      }
    ],
    "isTemplate": false,
    "count": 0,
    "lang": "en",
    "updated": 0
  }
]