[
  {
    "id": "838e0f10-7229-41ee-9f08-0916f71f3604",
    "data": [
      {
        "text": "GPS deactivate",
        "userDefined": false
      }
    ],
    "isTemplate": false,
    "count": 0,
    "lang": "en",
    "updated": 0
  },
  {
    "id": "dbcb17fe-d1a6-40af-9623-399f875e1b34",
    "data": [
      {
        "text": "GPS off",
        "userDefined": false
      }
    ],
    "isTemplate": false,
    "count": 1,
    "lang": "en",
    "updated": 0
  },
  {
    "id": "9f972d2c-01a5-434e-a8c5-e72117aa9eff",
    "data": [
      {
        "text": "please ",
        "userDefined": false
      },
      {
        "text": "deactivate",
        "meta": "@sys.any",
        "alias": "any",
        "userDefined": true
      },
      {
        "text": " my ",
        "userDefined": false
      },
      {
        "text": "gps",
        "meta": "@sys.any",
        "alias": "any",
        "userDefined": true
      }
    ],
    "isTemplate": false,
    "count": 0,
    "lang": "en",
    "updated": 0
  },
  {
    "id": "0a5904df-dac8-4231-9826-07f5cf807ed5",
    "data": [
      {
        "text": "gps off",
        "meta": "@sys.any",
        "alias": "any",
        "userDefined": true
      }
    ],
    "isTemplate": false,
    "count": 0,
    "lang": "en",
    "updated": 0
  },
  {
    "id": "ea6682b4-f110-43b3-99f3-f4160caad7f3",
    "data": [
      {
        "text": "gps deactivate",
        "meta": "@sys.any",
        "alias": "any",
        "userDefined": true
      }
    ],
    "isTemplate": false,
    "count": 0,
    "lang": "en",
    "updated": 0
  }
]