[
  {
    "id": "235020f9-962a-4029-8e79-e47a9c646c48",
    "data": [
      {
        "text": "General mood",
        "userDefined": false
      }
    ],
    "isTemplate": false,
    "count": 1,
    "lang": "en",
    "updated": 0
  },
  {
    "id": "a0d41c1a-de4e-401b-946a-bfebfafd50b5",
    "data": [
      {
        "text": "tell me date and time",
        "userDefined": false
      }
    ],
    "isTemplate": false,
    "count": 1,
    "lang": "en",
    "updated": 0
  },
  {
    "id": "fbe0596b-0e71-4131-9bed-fb455d88a6c9",
    "data": [
      {
        "text": "please ",
        "userDefined": false
      },
      {
        "text": "activate",
        "meta": "@sys.any",
        "alias": "any",
        "userDefined": true
      },
      {
        "text": " my ",
        "userDefined": false
      },
      {
        "text": "gps",
        "meta": "@sys.any",
        "alias": "any",
        "userDefined": true
      }
    ],
    "isTemplate": false,
    "count": 0,
    "lang": "en",
    "updated": 0
  },
  {
    "id": "4c15950b-138e-4314-a4d6-c8ae6b8189af",
    "data": [
      {
        "text": "gps activate",
        "meta": "@sys.any",
        "alias": "any",
        "userDefined": true
      }
    ],
    "isTemplate": false,
    "count": 0,
    "lang": "en",
    "updated": 0
  },
  {
    "id": "7435f097-0ddf-43e5-b2de-e06ebd10a728",
    "data": [
      {
        "text": "gps on",
        "meta": "@sys.any",
        "alias": "any",
        "userDefined": true
      }
    ],
    "isTemplate": false,
    "count": 0,
    "lang": "en",
    "updated": 0
  }
]