[
  {
    "id": "e23e37c9-c8a4-440e-b41c-346cd3c8fd55",
    "data": [
      {
        "text": "call two Ls",
        "userDefined": false
      }
    ],
    "isTemplate": false,
    "count": 0,
    "lang": "en",
    "updated": 0
  },
  {
    "id": "cc904fab-1c87-4f3f-aaf5-09599a9570b8",
    "data": [
      {
        "text": "call to ",
        "userDefined": false
      },
      {
        "text": "muskan",
        "meta": "@sys.any",
        "alias": "any",
        "userDefined": true
      }
    ],
    "isTemplate": false,
    "count": 0,
    "lang": "en",
    "updated": 0
  },
  {
    "id": "674c658f-75db-461c-a29c-394423b529fe",
    "data": [
      {
        "text": "muskan",
        "userDefined": false
      }
    ],
    "isTemplate": false,
    "count": 0,
    "lang": "en",
    "updated": 0
  },
  {
    "id": "843bef58-4ebf-44de-a8d9-6afa2f28ebe8",
    "data": [
      {
        "text": "call ",
        "userDefined": false
      },
      {
        "text": "muskan",
        "meta": "@sys.any",
        "alias": "any",
        "userDefined": true
      }
    ],
    "isTemplate": false,
    "count": 0,
    "lang": "en",
    "updated": 0
  }
]