[
  {
    "id": "4525e6f5-8fac-4118-baf0-02cee90eea71",
    "data": [
      {
        "text": "radio started",
        "meta": "@sys.any",
        "alias": "any",
        "userDefined": true
      }
    ],
    "isTemplate": false,
    "count": 0,
    "lang": "en",
    "updated": 0
  },
  {
    "id": "08926122-cc3d-43ba-866c-ff0de1808482",
    "data": [
      {
        "text": "radio application started",
        "meta": "@sys.any",
        "alias": "any",
        "userDefined": true
      }
    ],
    "isTemplate": false,
    "count": 0,
    "lang": "en",
    "updated": 0
  },
  {
    "id": "50d3492b-26c6-4d9a-8682-d6e2a59808a7",
    "data": [
      {
        "text": "radio",
        "meta": "@sys.any",
        "alias": "any",
        "userDefined": true
      }
    ],
    "isTemplate": false,
    "count": 0,
    "lang": "en",
    "updated": 0
  }
]