[
  {
    "id": "41dcb072-e7f7-482e-8a3b-ddc67eb102b0",
    "data": [
      {
        "text": "i want my ",
        "userDefined": false
      },
      {
        "text": "system reboot",
        "meta": "@sys.any",
        "alias": "any",
        "userDefined": true
      }
    ],
    "isTemplate": false,
    "count": 0,
    "lang": "en",
    "updated": 0
  },
  {
    "id": "01610866-0df0-4392-94f0-05db5f29023f",
    "data": [
      {
        "text": "reboot",
        "meta": "@sys.any",
        "alias": "any",
        "userDefined": true
      }
    ],
    "isTemplate": false,
    "count": 0,
    "lang": "en",
    "updated": 0
  },
  {
    "id": "78bf3472-5ac1-4282-8c2e-411c49fbabdb",
    "data": [
      {
        "text": "system restart",
        "meta": "@sys.any",
        "alias": "any",
        "userDefined": true
      }
    ],
    "isTemplate": false,
    "count": 0,
    "lang": "en",
    "updated": 0
  }
]