[
  {
    "id": "c5d7e255-a0ce-4f2d-84a7-0555fd0f7634",
    "data": [
      {
        "text": "recordings",
        "meta": "@sys.any",
        "alias": "any",
        "userDefined": true
      },
      {
        "text": " application started",
        "userDefined": false
      }
    ],
    "isTemplate": false,
    "count": 0,
    "lang": "en",
    "updated": 0
  },
  {
    "id": "eb86f657-987e-4b86-99c6-9c7ea740a49d",
    "data": [
      {
        "text": "recordings",
        "meta": "@sys.any",
        "alias": "any",
        "userDefined": true
      }
    ],
    "isTemplate": false,
    "count": 0,
    "lang": "en",
    "updated": 0
  }
]