[
  {
    "data": [
      {
        "text": "make it ",
        "userDefined": false
      },
      {
        "text": "normal",
        "meta": "@sys.any",
        "alias": "any",
        "userDefined": true
      }
    ],
    "isTemplate": false,
    "count": 0,
    "lang": "en",
    "updated": 0
  },
  {
    "data": [
      {
        "text": "make it ",
        "userDefined": false
      },
      {
        "text": "general",
        "meta": "@sys.any",
        "alias": "any",
        "userDefined": true
      }
    ],
    "isTemplate": false,
    "count": 0,
    "lang": "en",
    "updated": 0
  },
  {
    "data": [
      {
        "text": "make it ",
        "userDefined": false
      },
      {
        "text": "general mode",
        "meta": "@sys.any",
        "alias": "any",
        "userDefined": true
      }
    ],
    "isTemplate": false,
    "count": 0,
    "lang": "en",
    "updated": 0
  },
  {
    "id": "a6c5411f-6a8e-4060-9536-77162b821718",
    "data": [
      {
        "text": "General mode",
        "userDefined": false
      }
    ],
    "isTemplate": false,
    "count": 1,
    "lang": "en",
    "updated": 0
  },
  {
    "id": "06f979d1-1b17-4df5-934e-95fa6ea958a1",
    "data": [
      {
        "text": "normal mode",
        "meta": "@sys.any",
        "alias": "any",
        "userDefined": true
      }
    ],
    "isTemplate": false,
    "count": 0,
    "lang": "en",
    "updated": 0
  },
  {
    "id": "9aee9e8a-aaba-4907-99a0-60f79755fe00",
    "data": [
      {
        "text": "ringing mode",
        "meta": "@sys.any",
        "alias": "any",
        "userDefined": true
      }
    ],
    "isTemplate": false,
    "count": 0,
    "lang": "en",
    "updated": 0
  },
  {
    "id": "d6564abc-4aae-4b91-86f6-7edb7bfed4c2",
    "data": [
      {
        "text": "ring mode",
        "meta": "@sys.any",
        "alias": "any",
        "userDefined": true
      }
    ],
    "isTemplate": false,
    "count": 0,
    "lang": "en",
    "updated": 0
  },
  {
    "id": "e54c45f6-a790-4913-abb5-84741afead47",
    "data": [
      {
        "text": "bot ",
        "userDefined": false
      },
      {
        "text": "ringing mode",
        "meta": "@sys.any",
        "alias": "any",
        "userDefined": true
      }
    ],
    "isTemplate": false,
    "count": 0,
    "lang": "en",
    "updated": 0
  },
  {
    "id": "685d467e-f261-4409-b621-fe971dd2b9c0",
    "data": [
      {
        "text": "bot ",
        "userDefined": false
      },
      {
        "text": "ringing activate",
        "meta": "@sys.any",
        "alias": "any",
        "userDefined": true
      }
    ],
    "isTemplate": false,
    "count": 0,
    "lang": "en",
    "updated": 0
  }
]