[
  {
    "id": "fa74644b-5f13-4abd-9cba-07d52ea851bf",
    "data": [
      {
        "text": "make it silent",
        "userDefined": false
      }
    ],
    "isTemplate": false,
    "count": 2,
    "lang": "en",
    "updated": 0
  },
  {
    "id": "5427caeb-4906-4201-b623-7dd03e9e3424",
    "data": [
      {
        "text": "silent mode activate",
        "userDefined": false
      }
    ],
    "isTemplate": false,
    "count": 1,
    "lang": "en",
    "updated": 0
  },
  {
    "id": "6b81913f-f51e-4483-8fee-f6e3de71c6bc",
    "data": [
      {
        "text": "silent mode",
        "userDefined": false
      }
    ],
    "isTemplate": false,
    "count": 1,
    "lang": "en",
    "updated": 0
  },
  {
    "id": "d8db4683-67e1-4d3d-89b9-50eb040a6cf2",
    "data": [
      {
        "text": "make me silent",
        "userDefined": false
      }
    ],
    "isTemplate": false,
    "count": 0,
    "lang": "en",
    "updated": 0
  },
  {
    "id": "9ecc5d8d-b084-44d4-8367-614ae782f3e8",
    "data": [
      {
        "text": "silent mode activated",
        "userDefined": false
      }
    ],
    "isTemplate": false,
    "count": 0,
    "lang": "en",
    "updated": 0
  }
]