[
  {
    "id": "9cf614e4-94a0-4b0d-bd10-6b9ec88ae332",
    "data": [
      {
        "text": "show me messages",
        "userDefined": false
      }
    ],
    "isTemplate": false,
    "count": 0,
    "lang": "en",
    "updated": 0
  },
  {
    "id": "27869969-6b8f-49bc-b55e-d902c200b42a",
    "data": [
      {
        "text": "show me ",
        "userDefined": false
      },
      {
        "text": "simple mail service",
        "meta": "@sys.any",
        "alias": "any",
        "userDefined": true
      }
    ],
    "isTemplate": false,
    "count": 0,
    "lang": "en",
    "updated": 0
  },
  {
    "id": "2bf04cec-83aa-4c27-863f-d7ffa0405441",
    "data": [
      {
        "text": "show me ",
        "userDefined": false
      },
      {
        "text": "sms",
        "meta": "@sys.any",
        "alias": "any",
        "userDefined": true
      }
    ],
    "isTemplate": false,
    "count": 0,
    "lang": "en",
    "updated": 0
  },
  {
    "id": "1784b543-2896-4249-bd88-ee4666ced7e3",
    "data": [
      {
        "text": "show me ",
        "userDefined": false
      },
      {
        "text": "messages",
        "meta": "@sys.any",
        "alias": "any",
        "userDefined": true
      }
    ],
    "isTemplate": false,
    "count": 0,
    "lang": "en",
    "updated": 0
  }
]