[
  {
    "id": "a8ce72c7-2e65-4917-9414-1ff721e2b9a8",
    "data": [
      {
        "text": "what is the time",
        "userDefined": false
      }
    ],
    "isTemplate": false,
    "count": 2,
    "lang": "en",
    "updated": 0
  },
  {
    "id": "92cfcbc1-2280-4eef-b7d5-e9c792b500cf",
    "data": [
      {
        "text": "time",
        "userDefined": false
      }
    ],
    "isTemplate": false,
    "count": 2,
    "lang": "en",
    "updated": 0
  },
  {
    "id": "71bf5fbb-5c58-4339-9512-2b1d8eb750f4",
    "data": [
      {
        "text": "tell me the time",
        "userDefined": false
      }
    ],
    "isTemplate": false,
    "count": 1,
    "lang": "en",
    "updated": 0
  },
  {
    "id": "09c46ba8-0d4b-476b-96a7-228b10b3d201",
    "data": [
      {
        "text": "tell me the ",
        "userDefined": false
      },
      {
        "text": "time",
        "meta": "@sys.any",
        "alias": "any",
        "userDefined": true
      }
    ],
    "isTemplate": false,
    "count": 0,
    "lang": "en",
    "updated": 0
  },
  {
    "id": "5cfe296f-5793-4a91-a978-d4c4852c38e8",
    "data": [
      {
        "text": "tell me ",
        "userDefined": false
      },
      {
        "text": "time",
        "meta": "@sys.any",
        "alias": "any",
        "userDefined": true
      }
    ],
    "isTemplate": false,
    "count": 0,
    "lang": "en",
    "updated": 0
  },
  {
    "id": "f6b3483b-c534-47df-8774-caf02a155ae5",
    "data": [
      {
        "text": "time",
        "meta": "@sys.any",
        "alias": "any",
        "userDefined": true
      }
    ],
    "isTemplate": false,
    "count": 0,
    "lang": "en",
    "updated": 0
  },
  {
    "id": "b9e4715b-0729-4b7b-9947-a3a12edd7c3a",
    "data": [
      {
        "text": "what is the current ",
        "userDefined": false
      },
      {
        "text": "time",
        "meta": "@sys.any",
        "alias": "any",
        "userDefined": true
      }
    ],
    "isTemplate": false,
    "count": 0,
    "lang": "en",
    "updated": 0
  },
  {
    "id": "fa1f337a-2764-4ef4-9402-cb3effdf6979",
    "data": [
      {
        "text": "time",
        "meta": "@sys.any",
        "alias": "any",
        "userDefined": true
      },
      {
        "text": " please",
        "userDefined": false
      }
    ],
    "isTemplate": false,
    "count": 0,
    "lang": "en",
    "updated": 0
  },
  {
    "id": "57b462da-e02c-4a86-87dc-cb79c9e07022",
    "data": [
      {
        "text": "what\u0027s the ",
        "userDefined": false
      },
      {
        "text": "time",
        "meta": "@sys.any",
        "alias": "any",
        "userDefined": true
      }
    ],
    "isTemplate": false,
    "count": 0,
    "lang": "en",
    "updated": 0
  }
]