[
  {
    "id": "89c0b3da-769f-4a36-ab53-01a38c253f3f",
    "data": [
      {
        "text": "make it vibrate",
        "userDefined": false
      }
    ],
    "isTemplate": false,
    "count": 2,
    "lang": "en",
    "updated": 0
  },
  {
    "id": "cdf978cd-207b-4d80-953d-80ff5119cec8",
    "data": [
      {
        "text": "vibrate mode activate",
        "userDefined": false
      }
    ],
    "isTemplate": false,
    "count": 0,
    "lang": "en",
    "updated": 0
  },
  {
    "id": "79822985-0f9f-49c5-ae68-b8338c71b0db",
    "data": [
      {
        "text": "vibrate",
        "userDefined": false
      }
    ],
    "isTemplate": false,
    "count": 0,
    "lang": "en",
    "updated": 0
  },
  {
    "id": "20b9a4de-3bda-4842-8063-029f159fcc06",
    "data": [
      {
        "text": "vibrate mode",
        "userDefined": false
      }
    ],
    "isTemplate": false,
    "count": 0,
    "lang": "en",
    "updated": 0
  },
  {
    "id": "79ae0775-d06b-44c9-9b96-a61decc3f43d",
    "data": [
      {
        "text": "darvis vibrate mode activate please",
        "userDefined": false
      }
    ],
    "isTemplate": false,
    "count": 0,
    "lang": "en",
    "updated": 0
  }
]