[
  {
    "id": "ae48afb0-f73b-43b7-a833-4004c4cab4c6",
    "data": [
      {
        "text": "weather",
        "meta": "@sys.any",
        "alias": "any",
        "userDefined": true
      }
    ],
    "isTemplate": false,
    "count": 1,
    "lang": "en",
    "updated": 0
  },
  {
    "id": "d6d8babd-27b7-4f99-a282-d2e66b2c5345",
    "data": [
      {
        "text": "show me current ",
        "userDefined": false
      },
      {
        "text": "weather",
        "meta": "@sys.any",
        "alias": "any",
        "userDefined": true
      }
    ],
    "isTemplate": false,
    "count": 0,
    "lang": "en",
    "updated": 0
  }
]