[
  {
    "id": "28589f9b-436f-4dd7-9e20-d218983f4094",
    "data": [
      {
        "text": "can you open WhatsApp",
        "userDefined": false
      }
    ],
    "isTemplate": false,
    "count": 1,
    "lang": "en",
    "updated": 0
  },
  {
    "id": "9098b404-dde3-4ee3-bdd3-5f0776576352",
    "data": [
      {
        "text": "show me WhatsApp",
        "userDefined": false
      }
    ],
    "isTemplate": false,
    "count": 0,
    "lang": "en",
    "updated": 0
  },
  {
    "id": "cbabebe3-3018-4120-b2f9-b907a09f57b6",
    "data": [
      {
        "text": "WhatsApp open",
        "userDefined": false
      }
    ],
    "isTemplate": false,
    "count": 1,
    "lang": "en",
    "updated": 0
  },
  {
    "id": "03a00111-45cf-4503-8ea1-ab348c23535a",
    "data": [
      {
        "text": "open my ",
        "userDefined": false
      },
      {
        "text": "whatsapp",
        "meta": "@sys.any",
        "alias": "any",
        "userDefined": true
      },
      {
        "text": " application",
        "userDefined": false
      }
    ],
    "isTemplate": false,
    "count": 0,
    "lang": "en",
    "updated": 0
  },
  {
    "id": "2b401660-ad58-4004-9490-a646cf4619ae",
    "data": [
      {
        "text": "whats up",
        "meta": "@sys.any",
        "alias": "any",
        "userDefined": true
      }
    ],
    "isTemplate": false,
    "count": 0,
    "lang": "en",
    "updated": 0
  },
  {
    "id": "78130bea-249c-4acc-b417-d76f321fac83",
    "data": [
      {
        "text": "whatsup",
        "meta": "@sys.any",
        "alias": "any",
        "userDefined": true
      }
    ],
    "isTemplate": false,
    "count": 0,
    "lang": "en",
    "updated": 0
  },
  {
    "id": "8e5c5b99-6337-48ed-a326-f7e75987c236",
    "data": [
      {
        "text": "whatsapp",
        "meta": "@sys.any",
        "alias": "any",
        "userDefined": true
      }
    ],
    "isTemplate": false,
    "count": 0,
    "lang": "en",
    "updated": 0
  }
]