[
  {
    "id": "9bc9a560-9b11-4ab8-8d14-65e678b780ce",
    "data": [
      {
        "text": "please open YouTube",
        "userDefined": false
      }
    ],
    "isTemplate": false,
    "count": 2,
    "lang": "en",
    "updated": 0
  },
  {
    "id": "03025eeb-7db8-4dd7-9b35-892494c32ff0",
    "data": [
      {
        "text": "show me YouTube",
        "userDefined": false
      }
    ],
    "isTemplate": false,
    "count": 1,
    "lang": "en",
    "updated": 0
  },
  {
    "id": "a32adf0a-3a79-48d2-9a9b-c4aa10dcf346",
    "data": [
      {
        "text": "can you show me YouTube",
        "userDefined": false
      }
    ],
    "isTemplate": false,
    "count": 1,
    "lang": "en",
    "updated": 0
  },
  {
    "id": "38a73aa6-ef69-44c9-9e7e-706e77107bd4",
    "data": [
      {
        "text": "open YouTube",
        "userDefined": false
      }
    ],
    "isTemplate": false,
    "count": 1,
    "lang": "en",
    "updated": 0
  },
  {
    "id": "bf42101e-6253-48f5-9064-3c903a44119f",
    "data": [
      {
        "text": "YouTube",
        "userDefined": false
      }
    ],
    "isTemplate": false,
    "count": 1,
    "lang": "en",
    "updated": 0
  },
  {
    "id": "0493fa9a-8547-484b-af75-601269b2a7e4",
    "data": [
      {
        "text": "you toob",
        "userDefined": false
      }
    ],
    "isTemplate": false,
    "count": 0,
    "lang": "en",
    "updated": 0
  },
  {
    "id": "cf068431-d6b3-4cff-8a0d-4a437e6ae026",
    "data": [
      {
        "text": "Youtube",
        "meta": "@sys.any",
        "alias": "any",
        "userDefined": true
      }
    ],
    "isTemplate": false,
    "count": 0,
    "lang": "en",
    "updated": 0
  },
  {
    "id": "f92a463c-1268-43bc-b63f-0ddfbfad120e",
    "data": [
      {
        "text": "you tube",
        "userDefined": false
      }
    ],
    "isTemplate": false,
    "count": 1,
    "lang": "en",
    "updated": 0
  }
]